allele_1,allele_2,prob,label
3,4,0.00043010752688172043,0
3,6,0.00043010752688172043,0
3,7,0.00043010752688172043,0
3,8,0.00043010752688172043,0
3,11,0.00043010752688172043,0
3,12,0.00043010752688172043,0
3,15,0.00043010752688172043,0
3,18,0.00043010752688172043,0
3,19,0.00043010752688172043,0
3,20,0.00043010752688172043,0
3,21,0.00043010752688172043,0
3,31,0.00043010752688172043,0
3,36,0.00043010752688172043,0
3,38,0.00043010752688172043,0
3,40,0.00043010752688172043,0
3,42,0.00043010752688172043,0
3,44,0.00043010752688172043,0
3,47,0.00043010752688172043,0
3,51,0.00043010752688172043,0
3,56,0.00043010752688172043,0
3,57,0.00043010752688172043,0
3,60,0.00043010752688172043,0
3,62,0.00043010752688172043,0
3,69,0.00043010752688172043,0
3,92,0.00043010752688172043,0
3,96,0.00043010752688172043,0
3,99,0.00043010752688172043,0
3,100,0.00043010752688172043,0
3,101,0.00043010752688172043,0
3,114,0.00043010752688172043,0
4,6,0.00043010752688172043,0
4,7,0.00043010752688172043,0
4,8,0.00043010752688172043,0
4,11,0.00043010752688172043,0
4,12,0.00043010752688172043,0
4,15,0.00043010752688172043,0
4,18,0.00043010752688172043,0
4,19,0.00043010752688172043,0
4,20,0.00043010752688172043,0
4,21,0.00043010752688172043,0
4,31,0.00043010752688172043,0
4,36,0.00043010752688172043,0
4,38,0.00043010752688172043,0
4,40,0.00043010752688172043,0
4,42,0.00043010752688172043,0
4,44,0.00043010752688172043,0
4,47,0.00043010752688172043,0
4,51,0.00043010752688172043,0
4,56,0.00043010752688172043,0
4,57,0.00043010752688172043,0
4,60,0.00043010752688172043,0
4,62,0.00043010752688172043,0
4,69,0.00043010752688172043,0
4,92,0.00043010752688172043,0
4,96,0.00043010752688172043,0
4,99,0.00043010752688172043,0
4,100,0.00043010752688172043,0
4,101,0.00043010752688172043,0
4,114,0.00043010752688172043,0
6,7,0.00043010752688172043,0
6,8,0.00043010752688172043,0
6,11,0.00043010752688172043,0
6,12,0.00043010752688172043,0
6,15,0.00043010752688172043,0
6,18,0.00043010752688172043,0
6,19,0.00043010752688172043,0
6,20,0.00043010752688172043,0
6,21,0.00043010752688172043,0
6,31,0.00043010752688172043,0
6,36,0.00043010752688172043,0
6,38,0.00043010752688172043,0
6,40,0.00043010752688172043,0
6,42,0.00043010752688172043,0
6,44,0.00043010752688172043,0
6,47,0.00043010752688172043,0
6,51,0.00043010752688172043,0
6,56,0.00043010752688172043,0
6,57,0.00043010752688172043,0
6,60,0.00043010752688172043,0
6,62,0.00043010752688172043,0
6,69,0.00043010752688172043,0
6,92,0.00043010752688172043,0
6,96,0.00043010752688172043,0
6,99,0.00043010752688172043,0
6,100,0.00043010752688172043,0
6,101,0.00043010752688172043,0
6,114,0.00043010752688172043,0
7,8,0.00043010752688172043,0
7,11,0.00043010752688172043,0
7,12,0.00043010752688172043,0
7,15,0.00043010752688172043,0
7,18,0.00043010752688172043,0
7,19,0.00043010752688172043,0
7,20,0.00043010752688172043,0
7,21,0.00043010752688172043,0
7,31,0.00043010752688172043,0
7,36,0.00043010752688172043,0
7,38,0.00043010752688172043,0
7,40,0.00043010752688172043,0
7,42,0.00043010752688172043,0
7,44,0.00043010752688172043,0
7,47,0.00043010752688172043,0
7,51,0.00043010752688172043,0
7,56,0.00043010752688172043,0
7,57,0.00043010752688172043,0
7,60,0.00043010752688172043,0
7,62,0.00043010752688172043,0
7,69,0.00043010752688172043,0
7,92,0.00043010752688172043,0
7,96,0.00043010752688172043,0
7,99,0.00043010752688172043,0
7,100,0.00043010752688172043,0
7,101,0.00043010752688172043,0
7,114,0.00043010752688172043,0
8,11,0.00043010752688172043,0
8,12,0.00043010752688172043,0
8,15,0.00043010752688172043,0
8,18,0.00043010752688172043,0
8,19,0.00043010752688172043,0
8,20,0.00043010752688172043,0
8,21,0.00043010752688172043,0
8,31,0.00043010752688172043,0
8,36,0.00043010752688172043,0
8,38,0.00043010752688172043,0
8,40,0.00043010752688172043,0
8,42,0.00043010752688172043,0
8,44,0.00043010752688172043,0
8,47,0.00043010752688172043,0
8,51,0.00043010752688172043,0
8,56,0.00043010752688172043,0
8,57,0.00043010752688172043,0
8,60,0.00043010752688172043,0
8,62,0.00043010752688172043,0
8,69,0.00043010752688172043,0
8,92,0.00043010752688172043,0
8,96,0.00043010752688172043,0
8,99,0.00043010752688172043,0
8,100,0.00043010752688172043,0
8,101,0.00043010752688172043,0
8,114,0.00043010752688172043,0
11,12,0.00043010752688172043,0
11,15,0.00043010752688172043,0
11,18,0.00043010752688172043,0
11,19,0.00043010752688172043,0
11,20,0.00043010752688172043,0
11,21,0.00043010752688172043,0
11,31,0.00043010752688172043,0
11,36,0.00043010752688172043,0
11,38,0.00043010752688172043,0
11,40,0.00043010752688172043,0
11,42,0.00043010752688172043,0
11,44,0.00043010752688172043,0
11,47,0.00043010752688172043,0
11,51,0.00043010752688172043,0
11,56,0.00043010752688172043,0
11,57,0.00043010752688172043,0
11,60,0.00043010752688172043,0
11,62,0.00043010752688172043,0
11,69,0.00043010752688172043,0
11,92,0.00043010752688172043,0
11,96,0.00043010752688172043,0
11,99,0.00043010752688172043,0
11,100,0.00043010752688172043,0
11,101,0.00043010752688172043,0
11,114,0.00043010752688172043,0
12,15,0.00043010752688172043,0
12,18,0.00043010752688172043,0
12,19,0.00043010752688172043,0
12,20,0.00043010752688172043,0
12,21,0.00043010752688172043,0
12,31,0.00043010752688172043,0
12,36,0.00043010752688172043,0
12,38,0.00043010752688172043,0
12,40,0.00043010752688172043,0
12,42,0.00043010752688172043,0
12,44,0.00043010752688172043,0
12,47,0.00043010752688172043,0
12,51,0.00043010752688172043,0
12,56,0.00043010752688172043,0
12,57,0.00043010752688172043,0
12,60,0.00043010752688172043,0
12,62,0.00043010752688172043,0
12,69,0.00043010752688172043,0
12,92,0.00043010752688172043,0
12,96,0.00043010752688172043,0
12,99,0.00043010752688172043,0
12,100,0.00043010752688172043,0
12,101,0.00043010752688172043,0
12,114,0.00043010752688172043,0
15,18,0.00043010752688172043,0
15,19,0.00043010752688172043,0
15,20,0.00043010752688172043,0
15,21,0.00043010752688172043,0
15,31,0.00043010752688172043,0
15,36,0.00043010752688172043,0
15,38,0.00043010752688172043,0
15,40,0.00043010752688172043,0
15,42,0.00043010752688172043,0
15,44,0.00043010752688172043,0
15,47,0.00043010752688172043,0
15,51,0.00043010752688172043,0
15,56,0.00043010752688172043,0
15,57,0.00043010752688172043,0
15,60,0.00043010752688172043,0
15,62,0.00043010752688172043,0
15,69,0.00043010752688172043,0
15,92,0.00043010752688172043,0
15,96,0.00043010752688172043,0
15,99,0.00043010752688172043,0
15,100,0.00043010752688172043,0
15,101,0.00043010752688172043,0
15,114,0.00043010752688172043,0
18,19,0.00043010752688172043,0
18,20,0.00043010752688172043,0
18,21,0.00043010752688172043,0
18,31,0.00043010752688172043,0
18,36,0.00043010752688172043,0
18,38,0.00043010752688172043,0
18,40,0.00043010752688172043,0
18,42,0.00043010752688172043,0
18,44,0.00043010752688172043,0
18,47,0.00043010752688172043,0
18,51,0.00043010752688172043,0
18,56,0.00043010752688172043,0
18,57,0.00043010752688172043,0
18,60,0.00043010752688172043,0
18,62,0.00043010752688172043,0
18,69,0.00043010752688172043,0
18,92,0.00043010752688172043,0
18,96,0.00043010752688172043,0
18,99,0.00043010752688172043,0
18,100,0.00043010752688172043,0
18,101,0.00043010752688172043,0
18,114,0.00043010752688172043,0
19,20,0.00043010752688172043,0
19,21,0.00043010752688172043,0
19,31,0.00043010752688172043,0
19,36,0.00043010752688172043,0
19,38,0.00043010752688172043,0
19,40,0.00043010752688172043,0
19,42,0.00043010752688172043,0
19,44,0.00043010752688172043,0
19,47,0.00043010752688172043,0
19,51,0.00043010752688172043,0
19,56,0.00043010752688172043,0
19,57,0.00043010752688172043,0
19,60,0.00043010752688172043,0
19,62,0.00043010752688172043,0
19,69,0.00043010752688172043,0
19,92,0.00043010752688172043,0
19,96,0.00043010752688172043,0
19,99,0.00043010752688172043,0
19,100,0.00043010752688172043,0
19,101,0.00043010752688172043,0
19,114,0.00043010752688172043,0
20,21,0.00043010752688172043,0
20,31,0.00043010752688172043,0
20,36,0.00043010752688172043,0
20,38,0.00043010752688172043,0
20,40,0.00043010752688172043,0
20,42,0.00043010752688172043,0
20,44,0.00043010752688172043,0
20,47,0.00043010752688172043,0
20,51,0.00043010752688172043,0
20,56,0.00043010752688172043,0
20,57,0.00043010752688172043,0
20,60,0.00043010752688172043,0
20,62,0.00043010752688172043,0
20,69,0.00043010752688172043,0
20,92,0.00043010752688172043,0
20,96,0.00043010752688172043,0
20,99,0.00043010752688172043,0
20,100,0.00043010752688172043,0
20,101,0.00043010752688172043,0
20,114,0.00043010752688172043,0
21,31,0.00043010752688172043,0
21,36,0.00043010752688172043,0
21,38,0.00043010752688172043,0
21,40,0.00043010752688172043,0
21,42,0.00043010752688172043,0
21,44,0.00043010752688172043,0
21,47,0.00043010752688172043,0
21,51,0.00043010752688172043,0
21,56,0.00043010752688172043,0
21,57,0.00043010752688172043,0
21,60,0.00043010752688172043,0
21,62,0.00043010752688172043,0
21,69,0.00043010752688172043,0
21,92,0.00043010752688172043,0
21,96,0.00043010752688172043,0
21,99,0.00043010752688172043,0
21,100,0.00043010752688172043,0
21,101,0.00043010752688172043,0
21,114,0.00043010752688172043,0
31,36,0.00043010752688172043,0
31,38,0.00043010752688172043,0
31,40,0.00043010752688172043,0
31,42,0.00043010752688172043,0
31,44,0.00043010752688172043,0
31,47,0.00043010752688172043,0
31,51,0.00043010752688172043,0
31,56,0.00043010752688172043,0
31,57,0.00043010752688172043,0
31,60,0.00043010752688172043,0
31,62,0.00043010752688172043,0
31,69,0.00043010752688172043,0
31,92,0.00043010752688172043,0
31,96,0.00043010752688172043,0
31,99,0.00043010752688172043,0
31,100,0.00043010752688172043,0
31,101,0.00043010752688172043,0
31,114,0.00043010752688172043,0
36,38,0.00043010752688172043,0
36,40,0.00043010752688172043,0
36,42,0.00043010752688172043,0
36,44,0.00043010752688172043,0
36,47,0.00043010752688172043,0
36,51,0.00043010752688172043,0
36,56,0.00043010752688172043,0
36,57,0.00043010752688172043,0
36,60,0.00043010752688172043,0
36,62,0.00043010752688172043,0
36,69,0.00043010752688172043,0
36,92,0.00043010752688172043,0
36,96,0.00043010752688172043,0
36,99,0.00043010752688172043,0
36,100,0.00043010752688172043,0
36,101,0.00043010752688172043,0
36,114,0.00043010752688172043,0
38,40,0.00043010752688172043,0
38,42,0.00043010752688172043,0
38,44,0.00043010752688172043,0
38,47,0.00043010752688172043,0
38,51,0.00043010752688172043,0
38,56,0.00043010752688172043,0
38,57,0.00043010752688172043,0
38,60,0.00043010752688172043,0
38,62,0.00043010752688172043,0
38,69,0.00043010752688172043,0
38,92,0.00043010752688172043,0
38,96,0.00043010752688172043,0
38,99,0.00043010752688172043,0
38,100,0.00043010752688172043,0
38,101,0.00043010752688172043,0
38,114,0.00043010752688172043,0
40,42,0.00043010752688172043,0
40,44,0.00043010752688172043,0
40,47,0.00043010752688172043,0
40,51,0.00043010752688172043,0
40,56,0.00043010752688172043,0
40,57,0.00043010752688172043,0
40,60,0.00043010752688172043,0
40,62,0.00043010752688172043,0
40,69,0.00043010752688172043,0
40,92,0.00043010752688172043,0
40,96,0.00043010752688172043,0
40,99,0.00043010752688172043,0
40,100,0.00043010752688172043,0
40,101,0.00043010752688172043,0
40,114,0.00043010752688172043,0
42,44,0.00043010752688172043,0
42,47,0.00043010752688172043,0
42,51,0.00043010752688172043,0
42,56,0.00043010752688172043,0
42,57,0.00043010752688172043,0
42,60,0.00043010752688172043,0
42,62,0.00043010752688172043,0
42,69,0.00043010752688172043,0
42,92,0.00043010752688172043,0
42,96,0.00043010752688172043,0
42,99,0.00043010752688172043,0
42,100,0.00043010752688172043,0
42,101,0.00043010752688172043,0
42,114,0.00043010752688172043,0
44,47,0.00043010752688172043,0
44,51,0.00043010752688172043,0
44,56,0.00043010752688172043,0
44,57,0.00043010752688172043,0
44,60,0.00043010752688172043,0
44,62,0.00043010752688172043,0
44,69,0.00043010752688172043,0
44,92,0.00043010752688172043,0
44,96,0.00043010752688172043,0
44,99,0.00043010752688172043,0
44,100,0.00043010752688172043,0
44,101,0.00043010752688172043,0
44,114,0.00043010752688172043,0
47,51,0.00043010752688172043,0
47,56,0.00043010752688172043,0
47,57,0.00043010752688172043,0
47,60,0.00043010752688172043,0
47,62,0.00043010752688172043,0
47,69,0.00043010752688172043,0
47,92,0.00043010752688172043,0
47,96,0.00043010752688172043,0
47,99,0.00043010752688172043,0
47,100,0.00043010752688172043,0
47,101,0.00043010752688172043,0
47,114,0.00043010752688172043,0
51,56,0.00043010752688172043,0
51,57,0.00043010752688172043,0
51,60,0.00043010752688172043,0
51,62,0.00043010752688172043,0
51,69,0.00043010752688172043,0
51,92,0.00043010752688172043,0
51,96,0.00043010752688172043,0
51,99,0.00043010752688172043,0
51,100,0.00043010752688172043,0
51,101,0.00043010752688172043,0
51,114,0.00043010752688172043,0
56,57,0.00043010752688172043,0
56,60,0.00043010752688172043,0
56,62,0.00043010752688172043,0
56,69,0.00043010752688172043,0
56,92,0.00043010752688172043,0
56,96,0.00043010752688172043,0
56,99,0.00043010752688172043,0
56,100,0.00043010752688172043,0
56,101,0.00043010752688172043,0
56,114,0.00043010752688172043,0
57,60,0.00043010752688172043,0
57,62,0.00043010752688172043,0
57,69,0.00043010752688172043,0
57,92,0.00043010752688172043,0
57,96,0.00043010752688172043,0
57,99,0.00043010752688172043,0
57,100,0.00043010752688172043,0
57,101,0.00043010752688172043,0
57,114,0.00043010752688172043,0
60,62,0.00043010752688172043,0
60,69,0.00043010752688172043,0
60,92,0.00043010752688172043,0
60,96,0.00043010752688172043,0
60,99,0.00043010752688172043,0
60,100,0.00043010752688172043,0
60,101,0.00043010752688172043,0
60,114,0.00043010752688172043,0
62,69,0.00043010752688172043,0
62,92,0.00043010752688172043,0
62,96,0.00043010752688172043,0
62,99,0.00043010752688172043,0
62,100,0.00043010752688172043,0
62,101,0.00043010752688172043,0
62,114,0.00043010752688172043,0
69,92,0.00043010752688172043,0
69,96,0.00043010752688172043,0
69,99,0.00043010752688172043,0
69,100,0.00043010752688172043,0
69,101,0.00043010752688172043,0
69,114,0.00043010752688172043,0
92,96,0.00043010752688172043,0
92,99,0.00043010752688172043,0
92,100,0.00043010752688172043,0
92,101,0.00043010752688172043,0
92,114,0.00043010752688172043,0
96,99,0.00043010752688172043,0
96,100,0.00043010752688172043,0
96,101,0.00043010752688172043,0
96,114,0.00043010752688172043,0
99,100,0.00043010752688172043,0
99,101,0.00043010752688172043,0
99,114,0.00043010752688172043,0
100,101,0.00043010752688172043,0
100,114,0.00043010752688172043,0
101,114,0.00043010752688172043,0
3,9,0.0004962779156327543,1
3,10,0.0004962779156327543,1
3,14,0.0004962779156327543,1
3,17,0.0004962779156327543,1
3,29,0.0004962779156327543,1
3,41,0.0004962779156327543,1
3,49,0.0004962779156327543,1
3,50,0.0004962779156327543,1
3,54,0.0004962779156327543,1
3,55,0.0004962779156327543,1
3,59,0.0004962779156327543,1
3,72,0.0004962779156327543,1
3,84,0.0004962779156327543,1
4,9,0.0004962779156327543,1
4,10,0.0004962779156327543,1
4,14,0.0004962779156327543,1
4,17,0.0004962779156327543,1
4,29,0.0004962779156327543,1
4,41,0.0004962779156327543,1
4,49,0.0004962779156327543,1
4,50,0.0004962779156327543,1
4,54,0.0004962779156327543,1
4,55,0.0004962779156327543,1
4,59,0.0004962779156327543,1
4,72,0.0004962779156327543,1
4,84,0.0004962779156327543,1
6,9,0.0004962779156327543,1
6,10,0.0004962779156327543,1
6,14,0.0004962779156327543,1
6,17,0.0004962779156327543,1
6,29,0.0004962779156327543,1
6,41,0.0004962779156327543,1
6,49,0.0004962779156327543,1
6,50,0.0004962779156327543,1
6,54,0.0004962779156327543,1
6,55,0.0004962779156327543,1
6,59,0.0004962779156327543,1
6,72,0.0004962779156327543,1
6,84,0.0004962779156327543,1
7,9,0.0004962779156327543,1
7,10,0.0004962779156327543,1
7,14,0.0004962779156327543,1
7,17,0.0004962779156327543,1
7,29,0.0004962779156327543,1
7,41,0.0004962779156327543,1
7,49,0.0004962779156327543,1
7,50,0.0004962779156327543,1
7,54,0.0004962779156327543,1
7,55,0.0004962779156327543,1
7,59,0.0004962779156327543,1
7,72,0.0004962779156327543,1
7,84,0.0004962779156327543,1
8,9,0.0004962779156327543,1
8,10,0.0004962779156327543,1
8,14,0.0004962779156327543,1
8,17,0.0004962779156327543,1
8,29,0.0004962779156327543,1
8,41,0.0004962779156327543,1
8,49,0.0004962779156327543,1
8,50,0.0004962779156327543,1
8,54,0.0004962779156327543,1
8,55,0.0004962779156327543,1
8,59,0.0004962779156327543,1
8,72,0.0004962779156327543,1
8,84,0.0004962779156327543,1
11,9,0.0004962779156327543,1
11,10,0.0004962779156327543,1
11,14,0.0004962779156327543,1
11,17,0.0004962779156327543,1
11,29,0.0004962779156327543,1
11,41,0.0004962779156327543,1
11,49,0.0004962779156327543,1
11,50,0.0004962779156327543,1
11,54,0.0004962779156327543,1
11,55,0.0004962779156327543,1
11,59,0.0004962779156327543,1
11,72,0.0004962779156327543,1
11,84,0.0004962779156327543,1
12,9,0.0004962779156327543,1
12,10,0.0004962779156327543,1
12,14,0.0004962779156327543,1
12,17,0.0004962779156327543,1
12,29,0.0004962779156327543,1
12,41,0.0004962779156327543,1
12,49,0.0004962779156327543,1
12,50,0.0004962779156327543,1
12,54,0.0004962779156327543,1
12,55,0.0004962779156327543,1
12,59,0.0004962779156327543,1
12,72,0.0004962779156327543,1
12,84,0.0004962779156327543,1
15,9,0.0004962779156327543,1
15,10,0.0004962779156327543,1
15,14,0.0004962779156327543,1
15,17,0.0004962779156327543,1
15,29,0.0004962779156327543,1
15,41,0.0004962779156327543,1
15,49,0.0004962779156327543,1
15,50,0.0004962779156327543,1
15,54,0.0004962779156327543,1
15,55,0.0004962779156327543,1
15,59,0.0004962779156327543,1
15,72,0.0004962779156327543,1
15,84,0.0004962779156327543,1
18,9,0.0004962779156327543,1
18,10,0.0004962779156327543,1
18,14,0.0004962779156327543,1
18,17,0.0004962779156327543,1
18,29,0.0004962779156327543,1
18,41,0.0004962779156327543,1
18,49,0.0004962779156327543,1
18,50,0.0004962779156327543,1
18,54,0.0004962779156327543,1
18,55,0.0004962779156327543,1
18,59,0.0004962779156327543,1
18,72,0.0004962779156327543,1
18,84,0.0004962779156327543,1
19,9,0.0004962779156327543,1
19,10,0.0004962779156327543,1
19,14,0.0004962779156327543,1
19,17,0.0004962779156327543,1
19,29,0.0004962779156327543,1
19,41,0.0004962779156327543,1
19,49,0.0004962779156327543,1
19,50,0.0004962779156327543,1
19,54,0.0004962779156327543,1
19,55,0.0004962779156327543,1
19,59,0.0004962779156327543,1
19,72,0.0004962779156327543,1
19,84,0.0004962779156327543,1
20,9,0.0004962779156327543,1
20,10,0.0004962779156327543,1
20,14,0.0004962779156327543,1
20,17,0.0004962779156327543,1
20,29,0.0004962779156327543,1
20,41,0.0004962779156327543,1
20,49,0.0004962779156327543,1
20,50,0.0004962779156327543,1
20,54,0.0004962779156327543,1
20,55,0.0004962779156327543,1
20,59,0.0004962779156327543,1
20,72,0.0004962779156327543,1
20,84,0.0004962779156327543,1
21,9,0.0004962779156327543,1
21,10,0.0004962779156327543,1
21,14,0.0004962779156327543,1
21,17,0.0004962779156327543,1
21,29,0.0004962779156327543,1
21,41,0.0004962779156327543,1
21,49,0.0004962779156327543,1
21,50,0.0004962779156327543,1
21,54,0.0004962779156327543,1
21,55,0.0004962779156327543,1
21,59,0.0004962779156327543,1
21,72,0.0004962779156327543,1
21,84,0.0004962779156327543,1
31,9,0.0004962779156327543,1
31,10,0.0004962779156327543,1
31,14,0.0004962779156327543,1
31,17,0.0004962779156327543,1
31,29,0.0004962779156327543,1
31,41,0.0004962779156327543,1
31,49,0.0004962779156327543,1
31,50,0.0004962779156327543,1
31,54,0.0004962779156327543,1
31,55,0.0004962779156327543,1
31,59,0.0004962779156327543,1
31,72,0.0004962779156327543,1
31,84,0.0004962779156327543,1
36,9,0.0004962779156327543,1
36,10,0.0004962779156327543,1
36,14,0.0004962779156327543,1
36,17,0.0004962779156327543,1
36,29,0.0004962779156327543,1
36,41,0.0004962779156327543,1
36,49,0.0004962779156327543,1
36,50,0.0004962779156327543,1
36,54,0.0004962779156327543,1
36,55,0.0004962779156327543,1
36,59,0.0004962779156327543,1
36,72,0.0004962779156327543,1
36,84,0.0004962779156327543,1
38,9,0.0004962779156327543,1
38,10,0.0004962779156327543,1
38,14,0.0004962779156327543,1
38,17,0.0004962779156327543,1
38,29,0.0004962779156327543,1
38,41,0.0004962779156327543,1
38,49,0.0004962779156327543,1
38,50,0.0004962779156327543,1
38,54,0.0004962779156327543,1
38,55,0.0004962779156327543,1
38,59,0.0004962779156327543,1
38,72,0.0004962779156327543,1
38,84,0.0004962779156327543,1
40,9,0.0004962779156327543,1
40,10,0.0004962779156327543,1
40,14,0.0004962779156327543,1
40,17,0.0004962779156327543,1
40,29,0.0004962779156327543,1
40,41,0.0004962779156327543,1
40,49,0.0004962779156327543,1
40,50,0.0004962779156327543,1
40,54,0.0004962779156327543,1
40,55,0.0004962779156327543,1
40,59,0.0004962779156327543,1
40,72,0.0004962779156327543,1
40,84,0.0004962779156327543,1
42,9,0.0004962779156327543,1
42,10,0.0004962779156327543,1
42,14,0.0004962779156327543,1
42,17,0.0004962779156327543,1
42,29,0.0004962779156327543,1
42,41,0.0004962779156327543,1
42,49,0.0004962779156327543,1
42,50,0.0004962779156327543,1
42,54,0.0004962779156327543,1
42,55,0.0004962779156327543,1
42,59,0.0004962779156327543,1
42,72,0.0004962779156327543,1
42,84,0.0004962779156327543,1
44,9,0.0004962779156327543,1
44,10,0.0004962779156327543,1
44,14,0.0004962779156327543,1
44,17,0.0004962779156327543,1
44,29,0.0004962779156327543,1
44,41,0.0004962779156327543,1
44,49,0.0004962779156327543,1
44,50,0.0004962779156327543,1
44,54,0.0004962779156327543,1
44,55,0.0004962779156327543,1
44,59,0.0004962779156327543,1
44,72,0.0004962779156327543,1
44,84,0.0004962779156327543,1
47,9,0.0004962779156327543,1
47,10,0.0004962779156327543,1
47,14,0.0004962779156327543,1
47,17,0.0004962779156327543,1
47,29,0.0004962779156327543,1
47,41,0.0004962779156327543,1
47,49,0.0004962779156327543,1
47,50,0.0004962779156327543,1
47,54,0.0004962779156327543,1
47,55,0.0004962779156327543,1
47,59,0.0004962779156327543,1
47,72,0.0004962779156327543,1
47,84,0.0004962779156327543,1
51,9,0.0004962779156327543,1
51,10,0.0004962779156327543,1
51,14,0.0004962779156327543,1
51,17,0.0004962779156327543,1
51,29,0.0004962779156327543,1
51,41,0.0004962779156327543,1
51,49,0.0004962779156327543,1
51,50,0.0004962779156327543,1
51,54,0.0004962779156327543,1
51,55,0.0004962779156327543,1
51,59,0.0004962779156327543,1
51,72,0.0004962779156327543,1
51,84,0.0004962779156327543,1
56,9,0.0004962779156327543,1
56,10,0.0004962779156327543,1
56,14,0.0004962779156327543,1
56,17,0.0004962779156327543,1
56,29,0.0004962779156327543,1
56,41,0.0004962779156327543,1
56,49,0.0004962779156327543,1
56,50,0.0004962779156327543,1
56,54,0.0004962779156327543,1
56,55,0.0004962779156327543,1
56,59,0.0004962779156327543,1
56,72,0.0004962779156327543,1
56,84,0.0004962779156327543,1
57,9,0.0004962779156327543,1
57,10,0.0004962779156327543,1
57,14,0.0004962779156327543,1
57,17,0.0004962779156327543,1
57,29,0.0004962779156327543,1
57,41,0.0004962779156327543,1
57,49,0.0004962779156327543,1
57,50,0.0004962779156327543,1
57,54,0.0004962779156327543,1
57,55,0.0004962779156327543,1
57,59,0.0004962779156327543,1
57,72,0.0004962779156327543,1
57,84,0.0004962779156327543,1
60,9,0.0004962779156327543,1
60,10,0.0004962779156327543,1
60,14,0.0004962779156327543,1
60,17,0.0004962779156327543,1
60,29,0.0004962779156327543,1
60,41,0.0004962779156327543,1
60,49,0.0004962779156327543,1
60,50,0.0004962779156327543,1
60,54,0.0004962779156327543,1
60,55,0.0004962779156327543,1
60,59,0.0004962779156327543,1
60,72,0.0004962779156327543,1
60,84,0.0004962779156327543,1
62,9,0.0004962779156327543,1
62,10,0.0004962779156327543,1
62,14,0.0004962779156327543,1
62,17,0.0004962779156327543,1
62,29,0.0004962779156327543,1
62,41,0.0004962779156327543,1
62,49,0.0004962779156327543,1
62,50,0.0004962779156327543,1
62,54,0.0004962779156327543,1
62,55,0.0004962779156327543,1
62,59,0.0004962779156327543,1
62,72,0.0004962779156327543,1
62,84,0.0004962779156327543,1
69,9,0.0004962779156327543,1
69,10,0.0004962779156327543,1
69,14,0.0004962779156327543,1
69,17,0.0004962779156327543,1
69,29,0.0004962779156327543,1
69,41,0.0004962779156327543,1
69,49,0.0004962779156327543,1
69,50,0.0004962779156327543,1
69,54,0.0004962779156327543,1
69,55,0.0004962779156327543,1
69,59,0.0004962779156327543,1
69,72,0.0004962779156327543,1
69,84,0.0004962779156327543,1
92,9,0.0004962779156327543,1
92,10,0.0004962779156327543,1
92,14,0.0004962779156327543,1
92,17,0.0004962779156327543,1
92,29,0.0004962779156327543,1
92,41,0.0004962779156327543,1
92,49,0.0004962779156327543,1
92,50,0.0004962779156327543,1
92,54,0.0004962779156327543,1
92,55,0.0004962779156327543,1
92,59,0.0004962779156327543,1
92,72,0.0004962779156327543,1
92,84,0.0004962779156327543,1
96,9,0.0004962779156327543,1
96,10,0.0004962779156327543,1
96,14,0.0004962779156327543,1
96,17,0.0004962779156327543,1
96,29,0.0004962779156327543,1
96,41,0.0004962779156327543,1
96,49,0.0004962779156327543,1
96,50,0.0004962779156327543,1
96,54,0.0004962779156327543,1
96,55,0.0004962779156327543,1
96,59,0.0004962779156327543,1
96,72,0.0004962779156327543,1
96,84,0.0004962779156327543,1
99,9,0.0004962779156327543,1
99,10,0.0004962779156327543,1
99,14,0.0004962779156327543,1
99,17,0.0004962779156327543,1
99,29,0.0004962779156327543,1
99,41,0.0004962779156327543,1
99,49,0.0004962779156327543,1
99,50,0.0004962779156327543,1
99,54,0.0004962779156327543,1
99,55,0.0004962779156327543,1
99,59,0.0004962779156327543,1
99,72,0.0004962779156327543,1
99,84,0.0004962779156327543,1
100,9,0.0004962779156327543,1
100,10,0.0004962779156327543,1
100,14,0.0004962779156327543,1
100,17,0.0004962779156327543,1
100,29,0.0004962779156327543,1
100,41,0.0004962779156327543,1
100,49,0.0004962779156327543,1
100,50,0.0004962779156327543,1
100,54,0.0004962779156327543,1
100,55,0.0004962779156327543,1
100,59,0.0004962779156327543,1
100,72,0.0004962779156327543,1
100,84,0.0004962779156327543,1
101,9,0.0004962779156327543,1
101,10,0.0004962779156327543,1
101,14,0.0004962779156327543,1
101,17,0.0004962779156327543,1
101,29,0.0004962779156327543,1
101,41,0.0004962779156327543,1
101,49,0.0004962779156327543,1
101,50,0.0004962779156327543,1
101,54,0.0004962779156327543,1
101,55,0.0004962779156327543,1
101,59,0.0004962779156327543,1
101,72,0.0004962779156327543,1
101,84,0.0004962779156327543,1
114,9,0.0004962779156327543,1
114,10,0.0004962779156327543,1
114,14,0.0004962779156327543,1
114,17,0.0004962779156327543,1
114,29,0.0004962779156327543,1
114,41,0.0004962779156327543,1
114,49,0.0004962779156327543,1
114,50,0.0004962779156327543,1
114,54,0.0004962779156327543,1
114,55,0.0004962779156327543,1
114,59,0.0004962779156327543,1
114,72,0.0004962779156327543,1
114,84,0.0004962779156327543,1
3,2,0.0005154639175257732,2
3,27,0.0005154639175257732,2
3,33,0.0005154639175257732,2
3,34,0.0005154639175257732,2
3,35,0.0005154639175257732,2
3,39,0.0005154639175257732,2
3,45,0.0005154639175257732,2
3,46,0.0005154639175257732,2
3,48,0.0005154639175257732,2
3,53,0.0005154639175257732,2
4,2,0.0005154639175257732,2
4,27,0.0005154639175257732,2
4,33,0.0005154639175257732,2
4,34,0.0005154639175257732,2
4,35,0.0005154639175257732,2
4,39,0.0005154639175257732,2
4,45,0.0005154639175257732,2
4,46,0.0005154639175257732,2
4,48,0.0005154639175257732,2
4,53,0.0005154639175257732,2
6,2,0.0005154639175257732,2
6,27,0.0005154639175257732,2
6,33,0.0005154639175257732,2
6,34,0.0005154639175257732,2
6,35,0.0005154639175257732,2
6,39,0.0005154639175257732,2
6,45,0.0005154639175257732,2
6,46,0.0005154639175257732,2
6,48,0.0005154639175257732,2
6,53,0.0005154639175257732,2
7,2,0.0005154639175257732,2
7,27,0.0005154639175257732,2
7,33,0.0005154639175257732,2
7,34,0.0005154639175257732,2
7,35,0.0005154639175257732,2
7,39,0.0005154639175257732,2
7,45,0.0005154639175257732,2
7,46,0.0005154639175257732,2
7,48,0.0005154639175257732,2
7,53,0.0005154639175257732,2
8,2,0.0005154639175257732,2
8,27,0.0005154639175257732,2
8,33,0.0005154639175257732,2
8,34,0.0005154639175257732,2
8,35,0.0005154639175257732,2
8,39,0.0005154639175257732,2
8,45,0.0005154639175257732,2
8,46,0.0005154639175257732,2
8,48,0.0005154639175257732,2
8,53,0.0005154639175257732,2
11,2,0.0005154639175257732,2
11,27,0.0005154639175257732,2
11,33,0.0005154639175257732,2
11,34,0.0005154639175257732,2
11,35,0.0005154639175257732,2
11,39,0.0005154639175257732,2
11,45,0.0005154639175257732,2
11,46,0.0005154639175257732,2
11,48,0.0005154639175257732,2
11,53,0.0005154639175257732,2
12,2,0.0005154639175257732,2
12,27,0.0005154639175257732,2
12,33,0.0005154639175257732,2
12,34,0.0005154639175257732,2
12,35,0.0005154639175257732,2
12,39,0.0005154639175257732,2
12,45,0.0005154639175257732,2
12,46,0.0005154639175257732,2
12,48,0.0005154639175257732,2
12,53,0.0005154639175257732,2
15,2,0.0005154639175257732,2
15,27,0.0005154639175257732,2
15,33,0.0005154639175257732,2
15,34,0.0005154639175257732,2
15,35,0.0005154639175257732,2
15,39,0.0005154639175257732,2
15,45,0.0005154639175257732,2
15,46,0.0005154639175257732,2
15,48,0.0005154639175257732,2
15,53,0.0005154639175257732,2
18,2,0.0005154639175257732,2
18,27,0.0005154639175257732,2
18,33,0.0005154639175257732,2
18,34,0.0005154639175257732,2
18,35,0.0005154639175257732,2
18,39,0.0005154639175257732,2
18,45,0.0005154639175257732,2
18,46,0.0005154639175257732,2
18,48,0.0005154639175257732,2
18,53,0.0005154639175257732,2
19,2,0.0005154639175257732,2
19,27,0.0005154639175257732,2
19,33,0.0005154639175257732,2
19,34,0.0005154639175257732,2
19,35,0.0005154639175257732,2
19,39,0.0005154639175257732,2
19,45,0.0005154639175257732,2
19,46,0.0005154639175257732,2
19,48,0.0005154639175257732,2
19,53,0.0005154639175257732,2
20,2,0.0005154639175257732,2
20,27,0.0005154639175257732,2
20,33,0.0005154639175257732,2
20,34,0.0005154639175257732,2
20,35,0.0005154639175257732,2
20,39,0.0005154639175257732,2
20,45,0.0005154639175257732,2
20,46,0.0005154639175257732,2
20,48,0.0005154639175257732,2
20,53,0.0005154639175257732,2
21,2,0.0005154639175257732,2
21,27,0.0005154639175257732,2
21,33,0.0005154639175257732,2
21,34,0.0005154639175257732,2
21,35,0.0005154639175257732,2
21,39,0.0005154639175257732,2
21,45,0.0005154639175257732,2
21,46,0.0005154639175257732,2
21,48,0.0005154639175257732,2
21,53,0.0005154639175257732,2
31,2,0.0005154639175257732,2
31,27,0.0005154639175257732,2
31,33,0.0005154639175257732,2
31,34,0.0005154639175257732,2
31,35,0.0005154639175257732,2
31,39,0.0005154639175257732,2
31,45,0.0005154639175257732,2
31,46,0.0005154639175257732,2
31,48,0.0005154639175257732,2
31,53,0.0005154639175257732,2
36,2,0.0005154639175257732,2
36,27,0.0005154639175257732,2
36,33,0.0005154639175257732,2
36,34,0.0005154639175257732,2
36,35,0.0005154639175257732,2
36,39,0.0005154639175257732,2
36,45,0.0005154639175257732,2
36,46,0.0005154639175257732,2
36,48,0.0005154639175257732,2
36,53,0.0005154639175257732,2
38,2,0.0005154639175257732,2
38,27,0.0005154639175257732,2
38,33,0.0005154639175257732,2
38,34,0.0005154639175257732,2
38,35,0.0005154639175257732,2
38,39,0.0005154639175257732,2
38,45,0.0005154639175257732,2
38,46,0.0005154639175257732,2
38,48,0.0005154639175257732,2
38,53,0.0005154639175257732,2
40,2,0.0005154639175257732,2
40,27,0.0005154639175257732,2
40,33,0.0005154639175257732,2
40,34,0.0005154639175257732,2
40,35,0.0005154639175257732,2
40,39,0.0005154639175257732,2
40,45,0.0005154639175257732,2
40,46,0.0005154639175257732,2
40,48,0.0005154639175257732,2
40,53,0.0005154639175257732,2
42,2,0.0005154639175257732,2
42,27,0.0005154639175257732,2
42,33,0.0005154639175257732,2
42,34,0.0005154639175257732,2
42,35,0.0005154639175257732,2
42,39,0.0005154639175257732,2
42,45,0.0005154639175257732,2
42,46,0.0005154639175257732,2
42,48,0.0005154639175257732,2
42,53,0.0005154639175257732,2
44,2,0.0005154639175257732,2
44,27,0.0005154639175257732,2
44,33,0.0005154639175257732,2
44,34,0.0005154639175257732,2
44,35,0.0005154639175257732,2
44,39,0.0005154639175257732,2
44,45,0.0005154639175257732,2
44,46,0.0005154639175257732,2
44,48,0.0005154639175257732,2
44,53,0.0005154639175257732,2
47,2,0.0005154639175257732,2
47,27,0.0005154639175257732,2
47,33,0.0005154639175257732,2
47,34,0.0005154639175257732,2
47,35,0.0005154639175257732,2
47,39,0.0005154639175257732,2
47,45,0.0005154639175257732,2
47,46,0.0005154639175257732,2
47,48,0.0005154639175257732,2
47,53,0.0005154639175257732,2
51,2,0.0005154639175257732,2
51,27,0.0005154639175257732,2
51,33,0.0005154639175257732,2
51,34,0.0005154639175257732,2
51,35,0.0005154639175257732,2
51,39,0.0005154639175257732,2
51,45,0.0005154639175257732,2
51,46,0.0005154639175257732,2
51,48,0.0005154639175257732,2
51,53,0.0005154639175257732,2
56,2,0.0005154639175257732,2
56,27,0.0005154639175257732,2
56,33,0.0005154639175257732,2
56,34,0.0005154639175257732,2
56,35,0.0005154639175257732,2
56,39,0.0005154639175257732,2
56,45,0.0005154639175257732,2
56,46,0.0005154639175257732,2
56,48,0.0005154639175257732,2
56,53,0.0005154639175257732,2
57,2,0.0005154639175257732,2
57,27,0.0005154639175257732,2
57,33,0.0005154639175257732,2
57,34,0.0005154639175257732,2
57,35,0.0005154639175257732,2
57,39,0.0005154639175257732,2
57,45,0.0005154639175257732,2
57,46,0.0005154639175257732,2
57,48,0.0005154639175257732,2
57,53,0.0005154639175257732,2
60,2,0.0005154639175257732,2
60,27,0.0005154639175257732,2
60,33,0.0005154639175257732,2
60,34,0.0005154639175257732,2
60,35,0.0005154639175257732,2
60,39,0.0005154639175257732,2
60,45,0.0005154639175257732,2
60,46,0.0005154639175257732,2
60,48,0.0005154639175257732,2
60,53,0.0005154639175257732,2
62,2,0.0005154639175257732,2
62,27,0.0005154639175257732,2
62,33,0.0005154639175257732,2
62,34,0.0005154639175257732,2
62,35,0.0005154639175257732,2
62,39,0.0005154639175257732,2
62,45,0.0005154639175257732,2
62,46,0.0005154639175257732,2
62,48,0.0005154639175257732,2
62,53,0.0005154639175257732,2
69,2,0.0005154639175257732,2
69,27,0.0005154639175257732,2
69,33,0.0005154639175257732,2
69,34,0.0005154639175257732,2
69,35,0.0005154639175257732,2
69,39,0.0005154639175257732,2
69,45,0.0005154639175257732,2
69,46,0.0005154639175257732,2
69,48,0.0005154639175257732,2
69,53,0.0005154639175257732,2
92,2,0.0005154639175257732,2
92,27,0.0005154639175257732,2
92,33,0.0005154639175257732,2
92,34,0.0005154639175257732,2
92,35,0.0005154639175257732,2
92,39,0.0005154639175257732,2
92,45,0.0005154639175257732,2
92,46,0.0005154639175257732,2
92,48,0.0005154639175257732,2
92,53,0.0005154639175257732,2
96,2,0.0005154639175257732,2
96,27,0.0005154639175257732,2
96,33,0.0005154639175257732,2
96,34,0.0005154639175257732,2
96,35,0.0005154639175257732,2
96,39,0.0005154639175257732,2
96,45,0.0005154639175257732,2
96,46,0.0005154639175257732,2
96,48,0.0005154639175257732,2
96,53,0.0005154639175257732,2
99,2,0.0005154639175257732,2
99,27,0.0005154639175257732,2
99,33,0.0005154639175257732,2
99,34,0.0005154639175257732,2
99,35,0.0005154639175257732,2
99,39,0.0005154639175257732,2
99,45,0.0005154639175257732,2
99,46,0.0005154639175257732,2
99,48,0.0005154639175257732,2
99,53,0.0005154639175257732,2
100,2,0.0005154639175257732,2
100,27,0.0005154639175257732,2
100,33,0.0005154639175257732,2
100,34,0.0005154639175257732,2
100,35,0.0005154639175257732,2
100,39,0.0005154639175257732,2
100,45,0.0005154639175257732,2
100,46,0.0005154639175257732,2
100,48,0.0005154639175257732,2
100,53,0.0005154639175257732,2
101,2,0.0005154639175257732,2
101,27,0.0005154639175257732,2
101,33,0.0005154639175257732,2
101,34,0.0005154639175257732,2
101,35,0.0005154639175257732,2
101,39,0.0005154639175257732,2
101,45,0.0005154639175257732,2
101,46,0.0005154639175257732,2
101,48,0.0005154639175257732,2
101,53,0.0005154639175257732,2
114,2,0.0005154639175257732,2
114,27,0.0005154639175257732,2
114,33,0.0005154639175257732,2
114,34,0.0005154639175257732,2
114,35,0.0005154639175257732,2
114,39,0.0005154639175257732,2
114,45,0.0005154639175257732,2
114,46,0.0005154639175257732,2
114,48,0.0005154639175257732,2
114,53,0.0005154639175257732,2
9,10,0.0005154639175257732,2
9,14,0.0005154639175257732,2
9,17,0.0005154639175257732,2
9,29,0.0005154639175257732,2
9,41,0.0005154639175257732,2
9,49,0.0005154639175257732,2
9,50,0.0005154639175257732,2
9,54,0.0005154639175257732,2
9,55,0.0005154639175257732,2
9,59,0.0005154639175257732,2
9,72,0.0005154639175257732,2
9,84,0.0005154639175257732,2
10,14,0.0005154639175257732,2
10,17,0.0005154639175257732,2
10,29,0.0005154639175257732,2
10,41,0.0005154639175257732,2
10,49,0.0005154639175257732,2
10,50,0.0005154639175257732,2
10,54,0.0005154639175257732,2
10,55,0.0005154639175257732,2
10,59,0.0005154639175257732,2
10,72,0.0005154639175257732,2
10,84,0.0005154639175257732,2
14,17,0.0005154639175257732,2
14,29,0.0005154639175257732,2
14,41,0.0005154639175257732,2
14,49,0.0005154639175257732,2
14,50,0.0005154639175257732,2
14,54,0.0005154639175257732,2
14,55,0.0005154639175257732,2
14,59,0.0005154639175257732,2
14,72,0.0005154639175257732,2
14,84,0.0005154639175257732,2
17,29,0.0005154639175257732,2
17,41,0.0005154639175257732,2
17,49,0.0005154639175257732,2
17,50,0.0005154639175257732,2
17,54,0.0005154639175257732,2
17,55,0.0005154639175257732,2
17,59,0.0005154639175257732,2
17,72,0.0005154639175257732,2
17,84,0.0005154639175257732,2
29,41,0.0005154639175257732,2
29,49,0.0005154639175257732,2
29,50,0.0005154639175257732,2
29,54,0.0005154639175257732,2
29,55,0.0005154639175257732,2
29,59,0.0005154639175257732,2
29,72,0.0005154639175257732,2
29,84,0.0005154639175257732,2
41,49,0.0005154639175257732,2
41,50,0.0005154639175257732,2
41,54,0.0005154639175257732,2
41,55,0.0005154639175257732,2
41,59,0.0005154639175257732,2
41,72,0.0005154639175257732,2
41,84,0.0005154639175257732,2
49,50,0.0005154639175257732,2
49,54,0.0005154639175257732,2
49,55,0.0005154639175257732,2
49,59,0.0005154639175257732,2
49,72,0.0005154639175257732,2
49,84,0.0005154639175257732,2
50,54,0.0005154639175257732,2
50,55,0.0005154639175257732,2
50,59,0.0005154639175257732,2
50,72,0.0005154639175257732,2
50,84,0.0005154639175257732,2
54,55,0.0005154639175257732,2
54,59,0.0005154639175257732,2
54,72,0.0005154639175257732,2
54,84,0.0005154639175257732,2
55,59,0.0005154639175257732,2
55,72,0.0005154639175257732,2
55,84,0.0005154639175257732,2
59,72,0.0005154639175257732,2
59,84,0.0005154639175257732,2
72,84,0.0005154639175257732,2
9,2,0.0015384615384615385,3
9,27,0.0015384615384615385,3
9,33,0.0015384615384615385,3
9,34,0.0015384615384615385,3
9,35,0.0015384615384615385,3
9,39,0.0015384615384615385,3
9,45,0.0015384615384615385,3
9,46,0.0015384615384615385,3
9,48,0.0015384615384615385,3
9,53,0.0015384615384615385,3
10,2,0.0015384615384615385,3
10,27,0.0015384615384615385,3
10,33,0.0015384615384615385,3
10,34,0.0015384615384615385,3
10,35,0.0015384615384615385,3
10,39,0.0015384615384615385,3
10,45,0.0015384615384615385,3
10,46,0.0015384615384615385,3
10,48,0.0015384615384615385,3
10,53,0.0015384615384615385,3
14,2,0.0015384615384615385,3
14,27,0.0015384615384615385,3
14,33,0.0015384615384615385,3
14,34,0.0015384615384615385,3
14,35,0.0015384615384615385,3
14,39,0.0015384615384615385,3
14,45,0.0015384615384615385,3
14,46,0.0015384615384615385,3
14,48,0.0015384615384615385,3
14,53,0.0015384615384615385,3
17,2,0.0015384615384615385,3
17,27,0.0015384615384615385,3
17,33,0.0015384615384615385,3
17,34,0.0015384615384615385,3
17,35,0.0015384615384615385,3
17,39,0.0015384615384615385,3
17,45,0.0015384615384615385,3
17,46,0.0015384615384615385,3
17,48,0.0015384615384615385,3
17,53,0.0015384615384615385,3
29,2,0.0015384615384615385,3
29,27,0.0015384615384615385,3
29,33,0.0015384615384615385,3
29,34,0.0015384615384615385,3
29,35,0.0015384615384615385,3
29,39,0.0015384615384615385,3
29,45,0.0015384615384615385,3
29,46,0.0015384615384615385,3
29,48,0.0015384615384615385,3
29,53,0.0015384615384615385,3
41,2,0.0015384615384615385,3
41,27,0.0015384615384615385,3
41,33,0.0015384615384615385,3
41,34,0.0015384615384615385,3
41,35,0.0015384615384615385,3
41,39,0.0015384615384615385,3
41,45,0.0015384615384615385,3
41,46,0.0015384615384615385,3
41,48,0.0015384615384615385,3
41,53,0.0015384615384615385,3
49,2,0.0015384615384615385,3
49,27,0.0015384615384615385,3
49,33,0.0015384615384615385,3
49,34,0.0015384615384615385,3
49,35,0.0015384615384615385,3
49,39,0.0015384615384615385,3
49,45,0.0015384615384615385,3
49,46,0.0015384615384615385,3
49,48,0.0015384615384615385,3
49,53,0.0015384615384615385,3
50,2,0.0015384615384615385,3
50,27,0.0015384615384615385,3
50,33,0.0015384615384615385,3
50,34,0.0015384615384615385,3
50,35,0.0015384615384615385,3
50,39,0.0015384615384615385,3
50,45,0.0015384615384615385,3
50,46,0.0015384615384615385,3
50,48,0.0015384615384615385,3
50,53,0.0015384615384615385,3
54,2,0.0015384615384615385,3
54,27,0.0015384615384615385,3
54,33,0.0015384615384615385,3
54,34,0.0015384615384615385,3
54,35,0.0015384615384615385,3
54,39,0.0015384615384615385,3
54,45,0.0015384615384615385,3
54,46,0.0015384615384615385,3
54,48,0.0015384615384615385,3
54,53,0.0015384615384615385,3
55,2,0.0015384615384615385,3
55,27,0.0015384615384615385,3
55,33,0.0015384615384615385,3
55,34,0.0015384615384615385,3
55,35,0.0015384615384615385,3
55,39,0.0015384615384615385,3
55,45,0.0015384615384615385,3
55,46,0.0015384615384615385,3
55,48,0.0015384615384615385,3
55,53,0.0015384615384615385,3
59,2,0.0015384615384615385,3
59,27,0.0015384615384615385,3
59,33,0.0015384615384615385,3
59,34,0.0015384615384615385,3
59,35,0.0015384615384615385,3
59,39,0.0015384615384615385,3
59,45,0.0015384615384615385,3
59,46,0.0015384615384615385,3
59,48,0.0015384615384615385,3
59,53,0.0015384615384615385,3
72,2,0.0015384615384615385,3
72,27,0.0015384615384615385,3
72,33,0.0015384615384615385,3
72,34,0.0015384615384615385,3
72,35,0.0015384615384615385,3
72,39,0.0015384615384615385,3
72,45,0.0015384615384615385,3
72,46,0.0015384615384615385,3
72,48,0.0015384615384615385,3
72,53,0.0015384615384615385,3
84,2,0.0015384615384615385,3
84,27,0.0015384615384615385,3
84,33,0.0015384615384615385,3
84,34,0.0015384615384615385,3
84,35,0.0015384615384615385,3
84,39,0.0015384615384615385,3
84,45,0.0015384615384615385,3
84,46,0.0015384615384615385,3
84,48,0.0015384615384615385,3
84,53,0.0015384615384615385,3
2,27,0.0044444444444444444,4
2,33,0.0044444444444444444,4
2,34,0.0044444444444444444,4
2,35,0.0044444444444444444,4
2,39,0.0044444444444444444,4
2,45,0.0044444444444444444,4
2,46,0.0044444444444444444,4
2,48,0.0044444444444444444,4
2,53,0.0044444444444444444,4
27,33,0.0044444444444444444,4
27,34,0.0044444444444444444,4
27,35,0.0044444444444444444,4
27,39,0.0044444444444444444,4
27,45,0.0044444444444444444,4
27,46,0.0044444444444444444,4
27,48,0.0044444444444444444,4
27,53,0.0044444444444444444,4
33,34,0.0044444444444444444,4
33,35,0.0044444444444444444,4
33,39,0.0044444444444444444,4
33,45,0.0044444444444444444,4
33,46,0.0044444444444444444,4
33,48,0.0044444444444444444,4
33,53,0.0044444444444444444,4
34,35,0.0044444444444444444,4
34,39,0.0044444444444444444,4
34,45,0.0044444444444444444,4
34,46,0.0044444444444444444,4
34,48,0.0044444444444444444,4
34,53,0.0044444444444444444,4
35,39,0.0044444444444444444,4
35,45,0.0044444444444444444,4
35,46,0.0044444444444444444,4
35,48,0.0044444444444444444,4
35,53,0.0044444444444444444,4
39,45,0.0044444444444444444,4
39,46,0.0044444444444444444,4
39,48,0.0044444444444444444,4
39,53,0.0044444444444444444,4
45,46,0.0044444444444444444,4
45,48,0.0044444444444444444,4
45,53,0.0044444444444444444,4
46,48,0.0044444444444444444,4
46,53,0.0044444444444444444,4
48,53,0.0044444444444444444,4
